Source 1,Therapeutic Area in CTMS,TA Code in Directory,Compound,Study,DPN(Compound-Study),Protocol Approval,FPFV,LPLV Final,Last DBL,Final CSR
A,Immunoscience,jN,165,661,jN165-661,,11/05/2006,,,
A,Immunoscience,jN,165,61,jN165-061,,03/05/2008,,,
A,Cardiovascular,gt,396,204,gt396-204,13/08/1999,03/03/1999,19/03/2002,13/12/2002,03/06/2003
A,Cardiovascular,gt,710,661,gt710-661,12/03/2003,09/12/2003,17/03/2004,10/11/2006,25/08/2006
A,Cardiovascular,gt,62,661,gt062-661,26/10/2002,29/04/2002,07/03/2003,30/07/2004,01/08/2005
A,Cardiovascular,gt,710,61,gt710-061,17/09/2004,23/09/2005,10/09/2005,02/04/2006,26/08/2006
A,Cardiovascular,gt,233,980,gt233-980,28/12/2002,29/03/2003,04/06/2003,01/04/2005,07/02/2006
A,Cardiovascular,gt,233,733,gt233-733,19/02/2003,02/11/2003,23/12/2003,01/05/2005,23/12/2006
A,Cardiovascular,gt,233,450,gt233-450,10/08/2003,15/09/2003,04/06/2003,28/08/2004,31/07/2005
A,Cardiovascular,gt,233,166,gt233-166,19/11/2003,24/04/2003,27/01/2004,05/10/2004,27/10/2005
A,Virology,lo,846,992,lo846-992,25/01/2004,12/02/2004,03/04/2004,20/01/2005,03/08/2005
A,Virology,lo,846,456,lo846-456,08/05/2004,11/06/2004,01/08/2004,30/11/2004,29/06/2005
A,Virology,lo,846,718,lo846-718,09/06/2004,19/08/2004,01/08/2004,21/06/2004,20/06/2005
A,Neuroscience,JB,395,198,JB395-198,19/02/2005,28/04/2005,06/10/2005,26/08/2005,30/12/2005
A,Cardiovascular,gt,233,350,gt233-350,03/04/2001,19/09/2001,27/02/2003,07/05/2003,22/05/2004
A,Oncology,DN,296,861,DN296-861,02/01/2009,04/06/2009,04/12/2013,23/03/2014,18/11/2014
A,Immunoscience,jN,342,937,jN342-937,17/07/2007,21/12/2007,21/02/2011,17/12/2011,14/10/2011
A,Neuroscience,JB,377,841,JB377-841,28/04/2012,03/04/2013,23/01/2014,10/05/2014,30/09/2014
A,Oncology,DN,163,97,DN163-097,19/10/2013,26/12/2013,27/03/2015,16/08/2015,26/03/2016
A,Virology,lo,666,456,lo666-456,23/10/2013,25/12/2013,22/12/2014,07/03/2015,16/08/2015
A,Oncology,DN,53,819,DN053-819,31/12/2014,24/06/2015,26/01/2016,,24/04/2016
A,Virology,lo,45,468,lo045-468,12/07/2011,20/04/2011,11/02/2014,25/11/2014,02/03/2015
A,Virology,lo,672,951,lo672-951,21/11/2013,31/03/2014,26/05/2016,06/04/2016,26/10/2016
A,Virology,lo,666,590,lo666-590,03/02/2014,21/01/2014,04/10/2015,02/12/2015,15/02/2016
A,Virology,lo,672,958,lo672-958,28/11/2013,16/02/2014,22/01/2015,07/10/2015,24/07/2015
A,Oncology,DN,296,394,DN296-394,17/09/2009,20/04/2010,31/10/2014,01/12/2014,10/04/2015
A,Virology,lo,666,373,lo666-373,24/03/2013,02/06/2013,19/07/2013,21/01/2014,20/03/2014
A,Cardiovascular,gt,967,468,gt967-468,11/04/2012,07/12/2012,19/07/2013,19/03/2013,27/04/2014
A,Oncology,DN,53,68,DN053-068,,,,,01/12/2014
A,Virology,lo,852,661,lo852-661,13/12/2011,29/09/2011,09/08/2012,02/04/2013,24/03/2013
A,Virology,lo,666,450,lo666-450,14/04/2010,02/02/2010,08/07/2012,17/04/2013,10/06/2013
A,Oncology,DN,296,767,DN296-767,18/01/2012,22/01/2012,09/08/2013,07/04/2014,23/09/2014
A,Cardiovascular,gt,279,450,gt279-450,01/10/2016,04/12/2016,25/07/2017,07/10/2017,18/08/2018
A,Virology,lo,672,415,lo672-415,15/11/2011,28/12/2011,10/11/2014,12/12/2014,23/02/2015
A,Neuroscience,JB,803,61,JB803-061,29/07/2011,18/11/2011,29/04/2012,24/07/2012,25/03/2013
A,Virology,lo,166,324,lo166-324,03/10/2012,30/08/2012,12/01/2013,09/04/2013,06/01/2014
A,Oncology,DN,709,839,DN709-839,11/01/2008,25/01/2009,11/07/2012,26/07/2012,12/07/2013
A,Oncology,DN,709,179,DN709-179,25/04/2009,31/05/2009,15/12/2012,05/07/2013,29/11/2013
A,Virology,lo,45,572,lo045-572,24/08/2012,05/10/2012,29/07/2013,04/06/2013,01/08/2013
A,Virology,lo,960,661,lo960-661,29/12/2011,17/02/2012,05/06/2013,19/01/2014,28/04/2014
A,Virology,lo,45,980,lo045-980,04/09/2012,01/12/2012,20/04/2013,21/08/2013,17/05/2014
A,Virology,lo,166,511,lo166-511,20/01/2013,24/01/2013,03/09/2013,30/07/2013,22/12/2013
A,Virology,lo,45,861,lo045-861,11/09/2012,17/08/2013,25/10/2014,14/12/2014,03/10/2015
A,Oncology,DN,709,33,DN709-033,17/11/2011,19/07/2012,09/08/2012,16/08/2012,21/01/2013
A,Oncology,DN,753,608,DN753-608,10/04/2011,01/04/2011,25/04/2015,28/05/2015,01/05/2015
A,Cardiovascular,gt,58,268,gt058-268,19/11/2010,07/06/2011,19/07/2012,04/09/2012,27/05/2013
A,Cardiovascular,gt,868,950,gt868-950,18/12/2014,23/10/2015,01/09/2018,21/12/2018,06/07/2019
A,Oncology,DN,178,461,DN178-461,23/01/2011,28/12/2011,24/07/2014,09/11/2014,25/06/2015
A,Oncology,DN,178,468,DN178-468,28/04/2012,07/08/2012,10/05/2014,12/04/2015,14/10/2015
A,Virology,lo,672,854,lo672-854,14/07/2012,16/08/2012,13/11/2012,18/10/2013,12/08/2013
A,Oncology,DN,163,805,DN163-805,12/03/2012,31/03/2013,30/08/2014,25/12/2014,17/09/2015
A,Virology,lo,208,954,lo208-954,28/05/2015,26/07/2015,25/10/2015,25/12/2015,20/06/2016
A,Neuroscience,JB,800,268,JB800-268,25/03/2008,21/11/2008,06/10/2008,20/08/2008,31/05/2009
A,Oncology,DN,296,916,DN296-916,14/02/2007,08/06/2000,23/03/2013,28/11/2009,03/06/2010
A,Oncology,DN,623,953,DN623-953,17/11/2012,14/04/2013,25/09/2016,16/05/2016,05/12/2017
A,Oncology,DN,623,980,DN623-980,03/09/2011,05/03/2012,12/05/2016,17/04/2016,30/08/2017
A,Virology,lo,672,394,lo672-394,16/12/2014,30/04/2014,31/08/2014,30/10/2014,20/03/2015
A,Virology,lo,846,607,lo846-607,06/09/2010,11/06/2010,18/05/2015,,03/06/2015
A,Neuroscience,JB,513,839,JB513-839,07/02/2012,15/03/2012,08/01/2013,27/07/2012,05/02/2013
A,Virology,lo,208,428,lo208-428,09/11/2011,22/06/2012,28/06/2012,30/12/2012,21/07/2013
A,Immunoscience,jN,255,428,jN255-428,03/01/2017,19/02/2017,20/03/2017,27/05/2017,29/04/2017
A,Cardiovascular,gt,290,916,gt290-916,10/09/2017,04/07/2017,21/08/2017,24/08/2017,31/01/2019
A,Cardiovascular,gt,867,862,gt867-862,18/02/2016,23/10/2016,17/02/2017,18/09/2017,11/10/2017
A,Oncology,DN,123,949,DN123-949,04/11/2017,25/06/2017,20/01/2018,13/05/2018,09/07/2018
A,Cardiovascular,gt,179,950,gt179-950,13/01/2013,14/08/2013,06/05/2013,20/03/2014,03/05/2014
A,Immunoscience,jN,163,566,jN163-566,24/06/2008,06/05/2009,29/09/2011,19/10/2011,18/11/2012
A,Oncology,DN,53,179,DN053-179,09/10/2010,30/08/2010,18/02/2017,,23/04/2019
A,Neuroscience,JB,377,661,JB377-661,01/10/2011,13/12/2011,18/07/2012,28/01/2013,27/10/2013
A,Cardiovascular,gt,179,841,gt179-841,30/08/2012,16/04/2013,21/04/2013,01/07/2013,27/04/2014
A,Immunoscience,jN,741,661,jN741-661,27/03/2017,20/03/2017,31/12/2017,11/04/2018,18/01/2019
A,Cardiovascular,gt,512,461,gt512-461,09/11/2015,01/09/2015,05/03/2016,25/11/2016,04/04/2017
A,Virology,lo,672,394,lo672-394,29/09/2011,21/09/2012,22/04/2018,15/04/2018,01/01/2019
A,Virology,lo,252,95,lo252-095,16/06/2015,06/01/2016,09/01/2018,22/10/2017,15/04/2018
A,Oncology,DN,163,342,DN163-342,03/10/2011,20/03/2012,15/09/2017,21/10/2017,15/03/2018
A,Virology,lo,762,937,lo762-937,10/02/2010,29/07/2010,05/04/2018,21/03/2018,07/06/2018
A,Oncology,DN,753,219,DN753-219,16/06/2008,15/03/2009,16/01/2013,12/12/2013,22/08/2013
A,Virology,lo,762,668,lo762-668,13/08/2009,07/06/2010,21/03/2014,22/03/2014,12/11/2014
A,Oncology,DN,813,881,DN813-881,01/03/2014,17/08/2014,12/12/2018,14/11/2018,20/10/2019
A,Oncology,DN,387,841,DN387-841,07/10/2008,10/08/2008,27/04/2014,14/11/2014,07/03/2015
A,Immunoscience,jN,163,317,jN163-317,28/07/2012,11/11/2013,13/07/2016,06/04/2017,06/07/2017
A,Metabolics,Tb,192,661,Tb192-661,26/06/2012,23/09/2012,24/08/2013,30/04/2014,01/09/2014
A,Virology,lo,166,953,lo166-953,20/12/2009,18/05/2010,31/07/2012,27/07/2012,04/01/2013
A,Virology,lo,166,801,lo166-801,29/04/2012,01/03/2012,29/08/2012,16/12/2012,25/05/2013
A,Neuroscience,JB,832,980,JB832-980,19/01/2012,16/03/2012,25/06/2012,11/12/2012,18/07/2013
A,Virology,lo,666,385,lo666-385,20/03/2014,25/09/2014,23/06/2014,26/08/2014,28/03/2015
A,Oncology,DN,53,845,DN053-845,24/04/2014,,,,03/09/2017
A,Virology,lo,166,862,lo166-862,18/03/2012,19/11/2012,09/10/2013,09/11/2014,08/09/2014
A,Oncology,DN,163,572,DN163-572,23/01/2008,21/08/2008,22/11/2012,17/03/2011,03/02/2012
A,Immunoscience,jN,163,360,jN163-360,08/08/2007,03/02/2008,13/03/2011,01/08/2011,11/11/2011
A,Metabolics,Tb,397,503,Tb397-503,12/11/2011,25/03/2012,14/11/2012,11/08/2013,30/08/2013
A,Oncology,DN,296,166,DN296-166,03/11/2008,08/04/2009,17/06/2015,20/03/2015,01/03/2015
A,Cardiovascular,gt,62,254,gt062-254,31/03/2014,06/08/2014,01/09/2017,,26/08/2017
A,Virology,lo,166,415,lo166-415,23/12/2012,20/01/2013,05/01/2014,12/10/2013,27/12/2013
A,Neuroscience,JB,832,461,JB832-461,13/01/2011,15/08/2011,12/06/2013,27/07/2013,29/04/2014
A,Neuroscience,JB,832,179,JB832-179,24/09/2010,11/05/2011,01/03/2013,09/12/2013,09/05/2013
A,Virology,lo,672,3,lo672-003,28/05/2012,05/08/2012,19/12/2013,23/03/2014,15/12/2014
A,Virology,lo,672,292,lo672-292,22/10/2010,04/01/2011,15/10/2012,27/11/2012,28/11/2013
A,Oncology,DN,123,954,DN123-954,17/12/2017,04/08/2017,08/11/2017,19/05/2018,29/06/2019
A,Cardiovascular,gt,279,801,gt279-801,12/11/2017,04/11/2017,02/01/2018,19/05/2018,03/10/2018
A,Oncology,DN,123,718,DN123-718,23/03/2017,29/09/2017,31/01/2018,08/08/2018,17/11/2018
A,Oncology,DN,53,958,DN053-958,06/07/2014,18/09/2014,13/08/2017,,07/05/2018
A,Immunoscience,jN,342,728,jN342-728,10/01/2013,24/12/2013,30/08/2018,20/01/2019,15/03/2019
A,Immunoscience,jN,165,839,jN165-839,12/04/2010,02/04/2011,01/06/2015,13/05/2015,01/11/2015
A,Virology,lo,672,268,lo672-268,21/04/2010,03/08/2010,22/09/2012,24/12/2012,29/07/2013
A,Cardiovascular,gt,279,373,gt279-373,03/10/2017,04/12/2017,01/02/2018,12/10/2018,10/01/2019
A,Virology,lo,960,854,lo960-854,02/11/2015,13/05/2016,25/02/2016,18/04/2016,26/12/2016
A,Virology,lo,846,786,lo846-786,11/07/2011,31/10/2011,15/03/2014,21/05/2014,04/02/2015
A,Oncology,DN,53,188,DN053-188,28/09/2017,09/01/2018,23/06/2018,02/08/2018,19/10/2018
A,Metabolics,Tb,803,468,Tb803-468,20/04/2012,19/09/2012,14/01/2013,09/12/2013,20/03/2014
A,Virology,lo,672,954,lo672-954,19/05/2011,05/03/2012,20/04/2014,30/06/2014,23/12/2014
A,Oncology,DN,617,661,DN617-661,13/12/2010,05/09/2010,16/12/2014,19/02/2015,07/07/2015
A,Oncology,DN,617,841,DN617-841,08/04/2011,12/10/2011,27/03/2016,30/07/2016,13/05/2017
A,Neuroscience,JB,832,839,JB832-839,11/07/2011,13/04/2012,15/10/2012,17/04/2013,03/04/2013
A,Oncology,DN,753,18,DN753-018,30/06/2012,27/09/2012,16/10/2012,17/01/2013,03/06/2013
A,Virology,lo,672,980,lo672-980,17/06/2010,21/12/2010,14/01/2013,12/08/2013,29/11/2013
A,Virology,lo,166,528,lo166-528,06/01/2009,11/06/2009,01/02/2009,07/11/2009,01/09/2010
A,Metabolics,Tb,132,841,Tb132-841,15/07/2011,16/02/2012,22/08/2012,17/01/2013,27/09/2013
A,Immunoscience,jN,163,626,jN163-626,13/04/2010,19/06/2010,05/07/2011,,03/03/2014
A,Immunoscience,jN,163,496,jN163-496,24/10/2011,13/11/2011,29/08/2012,,23/12/2014
A,Metabolics,Tb,132,661,Tb132-661,28/09/2010,26/10/2010,06/03/2012,02/11/2012,24/09/2013
A,Cardiovascular,gt,290,450,gt290-450,28/09/2016,07/11/2016,01/07/2017,16/10/2017,01/11/2018
A,Virology,lo,846,373,lo846-373,28/11/2000,08/03/2002,10/10/2014,27/01/2015,27/04/2015
A,Immunoscience,jN,321,775,jN321-775,03/03/2014,10/04/2014,29/12/2014,19/04/2014,03/04/2014
A,Virology,lo,208,121,lo208-121,12/08/2015,23/11/2016,23/04/2016,25/05/2016,03/08/2016
A,Oncology,DN,53,339,DN053-339,,,,,21/12/2017
A,Neuroscience,JB,803,950,JB803-950,15/09/2011,05/12/2011,16/10/2012,12/12/2013,24/08/2013
A,Virology,lo,960,936,lo960-936,15/04/2014,20/08/2014,23/10/2014,27/01/2015,12/11/2015
A,Virology,lo,960,23,lo960-023,06/05/2014,24/02/2014,25/09/2014,22/06/2014,17/05/2015
A,Neuroscience,JB,868,450,JB868-450,21/12/2016,21/12/2017,29/07/2020,24/01/2021,18/05/2017
A,Oncology,DN,163,237,DN163-237,16/02/2009,30/03/2009,30/11/2012,22/07/2012,08/05/2014
A,Cardiovascular,gt,90,661,gt090-661,18/03/2012,01/06/2012,08/08/2013,09/03/2014,29/06/2014
A,Virology,lo,29,661,lo029-661,26/08/2012,15/10/2012,18/03/2013,12/11/2013,17/03/2014
A,Virology,lo,672,910,lo672-910,25/06/2011,01/03/2011,24/05/2014,23/01/2015,15/01/2015
A,Metabolics,Tb,867,841,Tb867-841,03/09/2014,13/11/2014,31/10/2015,17/10/2015,24/02/2016
A,Cardiovascular,gt,179,839,gt179-839,08/12/2014,21/01/2014,05/02/2016,21/08/2016,12/01/2017
A,Virology,lo,672,124,lo672-124,18/11/2011,09/05/2012,06/11/2012,19/08/2012,12/02/2013
A,Oncology,DN,296,798,DN296-798,04/10/2008,03/03/2009,29/09/2017,15/11/2018,26/07/2019
A,Oncology,DN,296,461,DN296-461,09/01/2009,17/09/2009,26/02/2018,11/11/2018,07/03/2019
A,Virology,lo,666,428,lo666-428,09/03/2014,27/01/2014,27/08/2014,27/10/2014,18/05/2015
A,Neuroscience,JB,631,661,JB631-661,07/07/2010,05/08/2011,15/04/2013,15/12/2013,07/04/2013
A,Oncology,DN,387,61,DN387-061,12/10/2008,25/01/2009,02/06/2012,12/01/2013,25/02/2013
A,Metabolics,Tb,803,841,Tb803-841,01/04/2010,30/01/2010,07/12/2011,06/05/2011,10/02/2012
A,Oncology,DN,90,839,DN090-839,17/12/2010,18/10/2011,29/12/2012,06/07/2013,13/01/2014
A,Oncology,DN,163,215,DN163-215,24/05/2012,23/08/2012,08/01/2016,06/08/2015,21/06/2016
A,Metabolics,Tb,323,179,Tb323-179,24/10/2009,05/12/2009,06/06/2010,25/09/2010,11/11/2011
A,Virology,lo,672,501,lo672-501,28/11/2014,03/03/2015,16/01/2016,21/02/2016,14/10/2016
A,Immunoscience,jN,165,572,jN165-572,11/04/2012,30/08/2012,21/11/2012,05/03/2013,02/06/2013
A,Virology,lo,762,51,lo762-051,21/10/2006,01/07/2007,07/05/2017,22/05/2017,28/02/2018
A,Virology,lo,960,861,lo960-861,29/09/2013,02/11/2013,09/02/2014,16/06/2014,07/03/2015
A,Virology,lo,166,910,lo166-910,02/06/2013,14/03/2013,05/09/2013,17/12/2013,12/09/2014
A,Virology,lo,559,839,lo559-839,19/10/2012,29/12/2012,12/08/2012,24/02/2013,17/07/2013
A,Virology,lo,258,950,lo258-950,02/05/2010,07/08/2010,02/06/2010,05/04/2011,14/06/2011
A,Oncology,DN,753,450,DN753-450,22/09/2005,07/04/2006,16/06/2019,28/05/2017,28/08/2020
A,Neuroscience,JB,526,661,JB526-661,02/04/2014,10/06/2014,29/04/2016,29/04/2016,29/03/2016
A,Virology,lo,45,936,lo045-936,28/06/2012,21/02/2013,15/11/2014,04/01/2015,03/04/2015
A,Oncology,DN,163,876,DN163-876,09/06/2012,09/05/2013,03/08/2016,24/02/2016,15/01/2017
A,Virology,lo,166,861,lo166-861,17/01/2012,01/12/2012,01/07/2013,08/07/2013,03/11/2013
A,Metabolics,Tb,397,374,Tb397-374,27/10/2010,,24/06/2011,,28/06/2011
A,Metabolics,Tb,323,450,Tb323-450,08/01/2011,16/09/2011,15/10/2011,30/04/2012,05/06/2013
A,Virology,lo,666,366,lo666-366,16/10/2014,08/07/2014,04/06/2014,10/12/2014,01/04/2015
A,Oncology,DN,813,718,DN813-718,11/02/2014,18/04/2014,,,10/10/2018
A,Virology,lo,672,488,lo672-488,26/11/2013,23/10/2014,03/03/2015,18/10/2015,12/08/2015
A,Virology,lo,846,13,lo846-013,11/08/2012,16/12/2012,21/03/2017,20/04/2017,27/01/2018
A,Virology,lo,666,179,lo666-179,27/04/2013,31/05/2013,06/08/2013,29/12/2013,27/01/2015
A,Neuroscience,JB,868,661,JB868-661,05/10/2014,25/04/2014,31/07/2016,09/08/2016,15/03/2017
A,Virology,lo,166,936,lo166-936,12/03/2013,14/03/2014,12/08/2015,24/09/2015,06/01/2016
A,Oncology,DN,163,415,DN163-415,12/10/2009,13/06/2009,12/04/2015,28/08/2015,01/06/2016
A,Virology,lo,762,595,lo762-595,27/09/2006,20/01/2007,24/09/2016,22/05/2017,07/11/2017
A,Virology,lo,666,795,lo666-795,27/10/2013,31/12/2013,17/12/2014,10/03/2015,02/01/2016
A,Virology,lo,672,461,lo672-461,10/08/2008,18/10/2008,06/09/2009,15/10/2009,04/12/2010
A,Neuroscience,JB,513,841,JB513-841,24/07/2010,31/03/2011,17/06/2012,01/09/2012,04/03/2012
A,Oncology,DN,53,366,DN053-366,27/08/2013,14/11/2013,31/12/2017,,24/07/2020
A,Oncology,DN,753,871,DN753-871,05/12/2013,20/09/2013,10/11/2013,08/01/2014,27/05/2014
A,Oncology,DN,296,874,DN296-874,21/09/2007,13/06/2008,18/01/2013,13/06/2013,02/08/2013
A,Virology,lo,45,428,lo045-428,28/12/2011,27/08/2012,12/12/2014,26/01/2015,09/12/2015
A,Virology,lo,45,324,lo045-324,15/02/2013,06/08/2013,28/09/2015,18/09/2015,21/04/2016
A,Immunoscience,jN,347,839,jN347-839,19/05/2012,14/12/2012,19/05/2013,14/04/2013,15/02/2014
A,Virology,DN,53,563,DN053-563,17/09/2016,14/07/2017,28/05/2018,28/04/2018,06/09/2018
A,Oncology,DN,760,340,DN760-340,06/10/2015,01/06/2015,29/01/2018,,29/11/2017
A,Virology,lo,166,450,lo166-450,16/11/2009,19/01/2010,07/08/2011,20/01/2012,14/09/2012
A,Metabolics,Tb,397,411,Tb397-411,24/08/2008,06/07/2010,01/05/2013,15/02/2013,29/09/2014
A,Virology,lo,846,306,lo846-306,27/07/2002,16/12/2002,19/03/2016,15/06/2016,25/12/2016
A,Oncology,DN,474,841,DN474-841,12/08/2007,05/01/2008,22/04/2010,22/01/2011,01/09/2011
A,Oncology,DN,387,950,DN387-950,26/04/2009,10/12/2009,21/12/2012,15/06/2013,24/12/2013
A,Virology,lo,166,718,lo166-718,09/11/2015,10/09/2015,28/03/2017,02/05/2017,07/04/2017
A,Metabolics,Tb,240,61,Tb240-061,07/04/2010,16/07/2010,05/04/2010,13/06/2011,12/01/2012
A,Neuroscience,JB,962,661,JB962-661,04/10/2011,24/05/2011,04/02/2012,04/04/2013,25/09/2013
A,Immunoscience,jN,342,577,jN342-577,11/08/2007,07/02/2008,05/01/2015,15/02/2015,02/12/2015
A,Virology,lo,208,572,lo208-572,28/05/2015,19/07/2015,30/11/2016,11/05/2016,09/01/2017
A,Virology,lo,960,954,lo960-954,21/03/2016,27/01/2016,11/06/2016,31/08/2016,04/01/2017
A,Virology,lo,672,508,lo672-508,17/08/2011,29/06/2011,14/01/2015,31/07/2015,18/12/2015
A,Oncology,DN,709,132,DN709-132,23/10/2011,12/02/2012,19/04/2012,07/06/2012,04/06/2012
A,Immunoscience,jN,784,366,jN784-366,03/11/2013,26/04/2014,23/07/2015,08/08/2015,17/09/2015
A,Oncology,DN,163,692,DN163-692,11/07/2006,20/08/2006,19/11/2013,30/12/2013,13/11/2014
A,Oncology,DN,623,68,DN623-068,31/07/2015,15/12/2015,17/12/2016,02/05/2019,01/08/2019
A,Cardiovascular,gt,179,661,gt179-661,05/11/2011,15/06/2011,10/03/2013,15/11/2013,23/01/2014
A,Virology,lo,666,881,lo666-881,20/02/2014,26/01/2014,29/06/2014,01/09/2014,29/01/2015
A,Virology,lo,166,51,lo166-051,03/04/2012,12/06/2012,25/10/2014,30/03/2015,07/11/2015
A,Virology,lo,45,166,lo045-166,25/09/2012,12/04/2013,17/02/2015,10/04/2015,22/01/2016
A,Virology,lo,846,957,lo846-957,04/03/2011,20/08/2011,15/02/2018,17/07/2018,24/08/2018
A,Neuroscience,JB,513,61,JB513-061,04/08/2011,20/07/2011,07/11/2011,14/01/2012,18/10/2012
A,Oncology,DN,163,951,DN163-951,04/11/2008,02/03/2009,29/11/2012,29/01/2013,14/05/2014
A,Oncology,DN,163,896,DN163-896,27/08/2014,09/01/2015,11/01/2017,10/06/2017,26/04/2017
A,Metabolics,Tb,323,839,Tb323-839,08/10/2009,05/06/2009,21/08/2009,05/12/2009,20/09/2010
A,Oncology,DN,709,61,DN709-061,06/12/2009,01/09/2009,05/05/2011,03/10/2011,09/08/2012
A,Oncology,DN,296,450,DN296-450,15/12/2006,30/05/2007,28/08/2010,22/01/2011,13/05/2011
A,Oncology,DN,753,503,DN753-503,26/09/2006,02/02/2006,27/03/2009,,08/09/2016
A,Virology,lo,846,524,lo846-524,30/07/2011,02/09/2011,05/04/2011,27/11/2011,14/04/2013
A,Virology,lo,762,339,lo762-339,08/02/2017,02/08/2017,14/01/2018,08/04/2018,23/06/2019
A,Neuroscience,JB,832,528,JB832-528,05/10/2010,08/03/2011,05/07/2011,03/09/2011,14/06/2012
A,Neuroscience,JB,832,132,JB832-132,16/07/2011,29/06/2011,25/06/2012,08/08/2012,14/06/2013
A,Immunoscience,jN,163,268,jN163-268,24/08/2006,23/04/2007,11/08/2013,06/01/2014,22/01/2016
A,Metabolics,Tb,397,862,Tb397-862,24/03/2008,07/07/2008,20/07/2011,24/02/2011,18/11/2012
A,Neuroscience,JB,800,450,JB800-450,12/09/2008,30/06/2008,12/08/2009,27/09/2009,15/08/2010
A,Virology,lo,166,292,lo166-292,03/09/2012,08/12/2012,23/01/2015,29/04/2015,30/09/2015
A,Neuroscience,JB,513,661,JB513-661,13/07/2010,14/04/2011,11/07/2012,20/09/2012,11/02/2013
A,Cardiovascular,gt,419,841,gt419-841,28/10/2016,06/01/2017,25/02/2017,25/12/2017,22/09/2018
A,Virology,lo,166,874,lo166-874,08/08/2012,01/02/2012,11/12/2012,09/03/2013,17/08/2013
A,Cardiovascular,gt,62,104,gt062-104,28/03/2018,18/05/2018,18/07/2018,23/08/2018,20/01/2019
A,Immunoscience,jN,163,393,jN163-393,10/01/2015,03/12/2015,23/09/2017,24/05/2019,01/10/2019
A,Metabolics,Tb,803,950,Tb803-950,01/12/2011,29/03/2012,09/06/2012,26/09/2012,14/07/2013
A,Metabolics,Tb,803,528,Tb803-528,25/12/2011,11/04/2012,15/10/2012,02/01/2013,11/07/2013
A,Virology,lo,672,393,lo672-393,24/12/2015,10/04/2016,28/06/2017,21/07/2017,17/12/2017
A,Oncology,DN,123,301,DN123-301,06/11/2017,21/02/2018,14/05/2018,20/03/2018,08/06/2018
A,Oncology,DN,813,186,DN813-186,,,,,29/04/2018
A,Oncology,DN,163,132,DN163-132,17/08/2010,04/09/2011,07/03/2017,03/11/2017,10/06/2016
A,Cardiovascular,gt,62,798,gt062-798,30/08/2006,27/07/2006,27/06/2008,21/12/2008,23/04/2009
A,Oncology,DN,813,106,DN813-106,28/07/2016,21/10/2016,14/02/2016,12/03/2017,23/10/2017
A,Immunoscience,jN,342,532,jN342-532,,,,,21/04/2016
A,Virology,lo,45,373,lo045-373,23/04/2012,07/07/2012,19/06/2015,31/05/2015,27/03/2016
A,Immunoscience,jN,163,798,jN163-798,19/01/2007,02/03/2002,04/09/2012,24/11/2012,28/03/2013
A,Virology,lo,672,572,lo672-572,10/12/2011,30/12/2011,27/02/2014,28/04/2014,01/04/2014
A,Virology,lo,846,92,lo846-092,02/03/2010,06/12/2010,10/12/2017,10/12/2017,12/05/2018
A,Virology,lo,45,661,lo045-661,05/12/2009,19/06/2010,20/11/2010,18/09/2011,22/12/2011
A,Oncology,DN,163,874,DN163-874,14/08/2005,29/09/2006,29/07/2014,02/07/2014,05/06/2014
A,Oncology,DN,90,661,DN090-661,11/02/2010,24/08/2010,29/09/2011,21/10/2011,14/09/2012
A,Metabolics,Tb,397,798,Tb397-798,29/11/2008,06/05/2009,02/01/2011,10/08/2010,10/11/2010
A,Virology,lo,166,340,lo166-340,29/01/2013,06/03/2013,19/06/2013,28/09/2013,18/02/2014
A,Oncology,DN,53,749,DN053-749,08/05/2018,,,,23/01/2020
A,Virology,lo,672,503,lo672-503,05/08/2014,17/12/2014,25/05/2016,05/03/2016,17/05/2017
A,Metabolics,Tb,192,841,Tb192-841,08/02/2014,05/08/2014,18/06/2016,17/04/2016,10/06/2017
A,Neuroscience,JB,803,461,JB803-461,15/02/2012,03/08/2012,13/05/2012,27/12/2012,22/08/2013
A,Oncology,DN,526,661,DN526-661,15/09/2013,11/04/2015,15/03/2015,24/03/2015,06/03/2016
A,Virology,lo,846,577,lo846-577,10/01/2013,16/05/2013,02/11/2013,05/10/2013,11/05/2013
A,Oncology,DN,753,477,DN753-477,17/10/2008,19/11/2008,25/08/2015,27/12/2015,18/02/2016
A,Oncology,DN,163,468,DN163-468,08/06/2005,24/06/2006,17/08/2007,19/10/2007,15/08/2008
A,Neuroscience,JB,832,33,JB832-033,18/02/2012,21/02/2012,15/09/2012,08/12/2012,24/04/2013
A,Metabolics,Tb,803,450,Tb803-450,14/09/2012,23/03/2012,08/01/2013,06/10/2012,28/10/2013
A,Metabolics,Tb,192,360,Tb192-360,07/03/2015,17/12/2015,15/07/2017,12/01/2018,13/08/2018
A,Virology,lo,672,132,lo672-132,13/03/2009,17/07/2009,01/03/2011,07/04/2011,15/02/2012
A,Oncology,DN,387,268,DN387-268,03/07/2011,28/01/2011,14/12/2012,24/09/2013,19/12/2013
A,Cardiovascular,gt,512,841,gt512-841,30/10/2013,24/09/2013,02/09/2014,17/06/2015,20/09/2015
A,Neuroscience,JB,832,450,JB832-450,23/08/2011,24/06/2011,19/05/2012,20/09/2012,03/03/2013
A,Cardiovascular,gt,62,767,gt062-767,10/09/2011,30/05/2011,15/12/2011,09/03/2012,03/04/2012
A,Virology,lo,666,311,lo666-311,03/02/2014,03/02/2014,17/05/2014,19/03/2014,02/09/2014
A,Oncology,DN,813,839,DN813-839,14/12/2010,12/03/2011,18/02/2017,17/07/2017,13/11/2017
A,Virology,lo,45,33,lo045-033,07/10/2011,27/11/2011,30/05/2012,16/08/2012,20/03/2013
A,Virology,lo,666,68,lo666-068,11/10/2014,17/08/2014,30/12/2014,24/07/2014,09/01/2015
A,Immunoscience,jN,342,845,jN342-845,15/09/2010,03/11/2010,29/11/2014,07/07/2015,31/01/2016
A,Virology,lo,45,839,lo045-839,23/08/2010,07/12/2010,06/01/2014,10/03/2014,25/09/2014
A,Immunoscience,jN,165,468,jN165-468,06/09/2011,30/12/2011,02/02/2015,25/05/2015,15/12/2015
A,Oncology,DN,709,841,DN709-841,17/08/2007,23/08/2008,05/01/2014,11/08/2013,03/06/2014
A,Virology,lo,45,953,lo045-953,15/12/2012,05/08/2012,18/10/2014,05/12/2014,03/07/2015
A,Virology,lo,208,204,lo208-204,23/11/2015,05/02/2016,21/07/2016,16/10/2016,14/01/2017
A,Neuroscience,JB,832,268,JB832-268,10/05/2011,24/04/2011,24/11/2013,28/10/2013,25/05/2014
A,Oncology,DN,753,798,DN753-798,15/11/2005,06/08/2005,16/08/2014,28/03/2014,29/03/2015
A,Virology,lo,666,936,lo666-936,07/10/2014,21/07/2014,06/11/2014,16/11/2014,20/04/2015
A,Virology,lo,672,883,lo672-883,05/05/2014,13/04/2014,04/12/2015,,09/08/2017
A,Immunoscience,jN,163,814,jN163-814,18/02/2010,17/01/2012,07/01/2012,,21/02/2014
A,Virology,lo,960,839,lo960-839,09/09/2013,25/11/2013,29/12/2013,06/07/2014,22/11/2014
A,Oncology,DN,753,198,DN753-198,04/08/2007,24/11/2007,05/01/2015,13/03/2015,20/06/2015
A,Virology,lo,666,814,lo666-814,10/05/2014,20/08/2014,29/09/2015,23/11/2015,03/01/2016
A,Immunoscience,jN,784,950,jN784-950,24/09/2011,24/04/2012,18/07/2015,04/08/2015,29/08/2015
A,Immunoscience,jN,784,661,jN784-661,02/02/2011,04/07/2011,05/11/2015,16/08/2015,28/08/2015
A,Virology,lo,672,767,lo672-767,26/08/2012,01/06/2012,15/08/2013,27/03/2014,14/09/2014
A,Virology,lo,208,389,lo208-389,27/08/2014,21/05/2014,26/11/2014,01/02/2015,05/05/2015
A,Virology,lo,166,572,lo166-572,09/12/2012,13/08/2013,04/08/2013,12/04/2016,18/07/2016
A,Oncology,DN,387,839,DN387-839,13/06/2009,16/11/2010,22/10/2012,27/03/2013,06/02/2014
A,Virology,lo,166,798,lo166-798,14/06/2012,12/09/2013,30/10/2013,25/09/2013,03/12/2014
A,Virology,lo,672,237,lo672-237,09/12/2012,16/08/2013,07/07/2015,24/07/2015,27/03/2016
A,Virology,lo,672,511,lo672-511,11/01/2011,28/01/2011,05/05/2013,03/01/2014,13/05/2014
A,Virology,lo,666,767,lo666-767,16/03/2014,26/02/2014,03/04/2014,16/02/2014,18/01/2015
A,Virology,lo,208,572,lo208-572,03/06/2014,17/07/2014,21/08/2014,02/11/2014,20/04/2015
A,Oncology,DN,53,773,DN053-773,,,,,23/01/2016
A,Oncology,DN,813,461,DN813-461,08/06/2011,25/06/2012,13/08/2016,12/11/2016,07/04/2017
A,Oncology,DN,753,500,DN753-500,30/06/2012,12/01/2013,05/02/2015,02/03/2016,11/09/2016
A,Immunoscience,jN,342,520,jN342-520,28/11/2012,13/05/2013,23/01/2017,19/04/2017,07/01/2018
A,Virology,lo,672,936,lo672-936,17/11/2009,28/03/2009,06/03/2011,19/10/2011,27/09/2012
A,Virology,lo,867,61,lo867-061,21/02/2016,12/05/2016,17/01/2017,11/05/2017,16/09/2017
A,Cardiovascular,gt,58,980,gt058-980,12/07/2012,23/02/2012,18/06/2012,24/09/2012,16/05/2013
A,Neuroscience,JB,631,61,JB631-061,03/12/2011,29/02/2012,13/02/2013,09/10/2014,27/05/2014
A,Oncology,DN,813,661,DN813-661,16/12/2007,09/11/2007,21/11/2009,27/04/2009,15/02/2011
A,Virology,lo,666,980,lo666-980,13/11/2009,23/01/2014,05/04/2015,30/04/2015,24/09/2015
A,Virology,lo,208,33,lo208-033,09/10/2012,28/03/2012,03/05/2012,09/07/2012,14/11/2012
A,Neuroscience,JB,600,841,JB600-841,11/01/2010,26/09/2011,20/12/2011,16/06/2012,09/11/2012
A,Oncology,DN,53,916,DN053-916,27/06/2011,29/10/2011,05/11/2011,,08/08/2011
A,Oncology,DN,709,950,DN709-950,21/09/2008,02/08/2009,15/12/2011,30/12/2011,26/09/2012
A,Virology,lo,672,916,lo672-916,20/11/2009,02/04/2009,13/11/2011,12/01/2012,08/02/2013
A,Metabolics,Tb,240,950,Tb240-950,18/01/2010,15/01/2011,16/02/2011,10/09/2012,03/09/2012
A,Oncology,DN,53,661,DN053-661,23/09/2006,11/11/2006,30/12/2009,01/09/2009,28/11/2011
A,Immunoscience,jN,784,61,jN784-061,23/09/2011,30/12/2011,26/05/2015,28/03/2015,24/06/2015
A,Cardiovascular,gt,62,461,gt062-461,09/02/2010,27/04/2010,17/03/2012,17/05/2012,02/08/2012
A,Virology,lo,258,839,lo258-839,14/07/2010,08/04/2012,07/06/2012,05/08/2012,16/12/2012
A,Metabolics,gt,470,253,gt470-253,21/01/2011,23/01/2011,01/02/2012,,
A,Virology,lo,166,508,lo166-508,12/03/2011,22/05/2012,14/07/2013,07/09/2013,06/01/2014
A,Oncology,DN,163,814,DN163-814,,,,,19/02/2015
A,Virology,lo,672,908,lo672-908,29/04/2012,29/05/2012,23/07/2012,16/06/2012,01/03/2013
A,Virology,lo,166,166,lo166-166,23/03/2012,07/05/2012,30/07/2012,19/09/2012,28/05/2013
A,Virology,lo,208,23,lo208-023,05/05/2014,28/05/2014,18/08/2014,20/06/2014,05/06/2015
A,Virology,lo,208,373,lo208-373,12/03/2014,04/03/2014,09/06/2014,20/12/2014,04/06/2015
A,Cardiovascular,gt,512,179,gt512-179,14/11/2014,07/09/2014,29/12/2015,29/05/2015,01/02/2016
A,Oncology,DN,837,468,DN837-468,21/07/2016,05/11/2016,15/07/2017,24/03/2018,18/06/2018
A,Virology,lo,672,301,lo672-301,19/12/2012,28/11/2012,07/09/2013,03/09/2013,29/07/2014
A,Oncology,DN,753,106,DN753-106,02/11/2010,10/11/2010,27/04/2015,,18/05/2015
A,Virology,lo,166,428,lo166-428,17/11/2009,20/09/2010,28/11/2012,13/01/2014,21/09/2013
A,Metabolics,Tb,397,767,Tb397-767,28/03/2011,13/04/2011,02/09/2011,,26/07/2011
A,Virology,lo,208,953,lo208-953,11/02/2011,20/02/2012,02/03/2012,22/06/2012,15/04/2013
A,Oncology,DN,813,268,DN813-268,25/12/2011,22/11/2012,13/04/2016,07/07/2016,03/11/2016
A,Metabolics,Tb,397,908,Tb397-908,18/04/2008,07/07/2010,26/04/2012,25/06/2012,23/11/2012
A,Oncology,DN,753,992,DN753-992,25/02/2007,31/07/2007,26/03/2013,03/05/2013,12/08/2013
A,Oncology,DN,753,950,DN753-950,05/05/2007,19/07/2007,29/11/2012,22/01/2013,17/07/2013
A,Oncology,DN,709,980,DN709-980,04/10/2010,04/07/2011,11/11/2014,03/04/2015,23/12/2015
A,Immunoscience,jN,867,428,jN867-428,21/09/2015,14/03/2016,03/04/2018,21/01/2019,12/07/2019
A,Cardiovascular,gt,62,113,gt062-113,03/11/2016,05/02/2017,04/02/2021,28/01/2022,11/05/2022
A,Oncology,DN,123,342,DN123-342,09/06/2018,24/01/2019,18/04/2021,12/07/2021,19/01/2022
A,Oncology,DN,53,734,DN053-734,20/07/2015,18/01/2016,26/09/2021,18/02/2021,26/03/2022
A,Virology,lo,960,95,lo960-095,14/09/2014,08/11/2014,14/09/2016,02/11/2016,30/01/2018
A,Cardiovascular,gt,62,303,gt062-303,05/09/2016,17/10/2016,16/12/2016,26/02/2017,05/07/2017
A,Oncology,DN,813,468,DN813-468,07/01/2012,02/07/2012,07/03/2024,,05/11/2020
A,Neuroscience,JB,800,862,JB800-862,30/01/2010,10/05/2010,20/01/2011,18/11/2011,09/03/2011
A,Virology,lo,527,733,lo527-733,26/10/2012,13/12/2012,02/03/2014,09/05/2015,05/10/2016
A,Immunoscience,jN,342,601,jN342-601,24/09/2018,10/11/2018,05/03/2019,07/07/2019,14/11/2019
A,Oncology,DN,419,661,DN419-661,09/10/2016,23/09/2016,27/08/2020,03/05/2020,11/12/2021
A,Oncology,DN,53,511,DN053-511,18/06/2012,11/11/2012,23/05/2022,25/07/2022,04/11/2022
A,Virology,lo,672,324,lo672-324,31/12/2010,19/01/2011,08/10/2011,01/07/2011,12/03/2011
A,Neuroscience,JB,800,51,JB800-051,24/10/2009,22/09/2010,02/12/2010,06/06/2011,28/02/2011
A,Oncology,DN,277,841,DN277-841,22/10/2017,18/12/2018,10/09/2024,18/07/2024,05/04/2024
A,Cardiovascular,gt,290,874,gt290-874,25/04/2018,08/05/2018,28/10/2018,26/09/2018,18/01/2020
A,Cardiovascular,gt,279,450,gt279-450,11/12/2017,28/06/2017,02/05/2018,18/04/2018,27/04/2019
A,Cardiovascular,gt,279,980,gt279-980,11/11/2017,10/07/2017,09/01/2018,09/03/2018,12/11/2018
A,Immunoscience,jN,163,366,jN163-366,29/05/2012,05/05/2013,29/11/2019,24/07/2019,17/05/2020
A,Immunoscience,jN,163,86,jN163-086,11/06/2013,10/01/2016,07/06/2019,06/09/2019,17/04/2020
A,Cardiovascular,gt,279,733,gt279-733,15/08/2016,23/02/2018,03/11/2018,15/09/2019,25/10/2019
A,Cardiovascular,gt,279,798,gt279-798,23/09/2018,22/04/2018,23/03/2019,14/04/2019,20/03/2020
A,Oncology,DN,171,373,DN171-373,09/12/2013,02/06/2013,04/02/2024,08/01/2027,22/04/2028
A,Neuroscience,JB,800,373,JB800-373,24/08/2009,21/10/2009,01/10/2010,08/09/2010,04/09/2010
A,Virology,lo,208,179,lo208-179,23/07/2009,14/12/2009,21/07/2010,31/10/2010,04/06/2011
A,Oncology,DN,296,33,DN296-033,21/11/2006,24/09/2007,16/07/2010,05/03/2011,17/09/2011
A,Cardiovascular,gt,290,980,gt290-980,10/07/2016,12/05/2017,12/01/2020,29/01/2020,28/06/2020
A,Immunoscience,jN,163,342,jN163-342,15/08/2011,09/03/2012,08/01/2020,13/01/2020,10/11/2019
A,Oncology,DN,53,812,DN053-812,13/09/2016,10/11/2016,11/11/2020,20/05/2021,23/08/2021
A,Oncology,DN,53,66,DN053-066,18/01/2013,23/07/2014,14/05/2021,29/06/2021,15/07/2022
A,Oncology,DN,753,845,DN753-845,07/08/2008,10/04/2009,17/10/2021,19/06/2021,06/07/2022
A,Oncology,DN,171,798,DN171-798,20/07/2016,15/04/2017,08/02/2022,22/01/2023,17/02/2023
A,Virology,lo,166,268,lo166-268,14/10/2009,17/04/2009,08/07/2009,14/04/2009,24/10/2010
A,Neuroscience,JB,800,340,JB800-340,09/03/2011,06/04/2011,08/11/2011,28/08/2011,26/03/2012
A,Immunoscience,jN,255,874,jN255-874,23/11/2017,17/07/2018,30/04/2018,12/04/2018,24/11/2018
A,Oncology,DN,617,385,DN617-385,05/08/2015,18/08/2015,26/02/2017,19/11/2017,07/03/2018
A,Neuroscience,JB,800,450,JB800-450,14/12/2009,10/06/2009,07/10/2013,14/09/2013,13/06/2014
A,Immunoscience,jN,255,340,jN255-340,24/08/2017,22/09/2017,14/01/2018,11/08/2018,30/05/2019
A,Immunoscience,jN,255,292,jN255-292,31/07/2017,08/10/2017,14/12/2017,14/08/2018,01/11/2018
A,Immunoscience,jN,638,950,jN638-950,21/07/2016,25/04/2017,24/10/2017,05/01/2018,21/10/2018
A,Immunoscience,Tb,796,839,Tb796-839,16/11/2015,09/11/2015,05/06/2016,13/05/2017,30/08/2017
A,Oncology,DN,53,241,DN053-241,11/06/2014,11/07/2014,01/10/2018,,04/05/2022
A,Oncology,DN,53,342,DN053-342,12/06/2014,25/01/2015,08/02/2019,,09/05/2022
A,Oncology,DN,53,577,DN053-577,27/11/2015,22/04/2016,10/05/2022,03/07/2022,22/11/2022
A,Immunoscience,jN,784,839,jN784-839,10/06/2012,18/11/2012,24/01/2014,15/08/2014,11/05/2014
A,Oncology,DN,123,573,DN123-573,11/12/2019,17/08/2019,19/08/2019,04/10/2019,27/10/2020
A,Oncology,DN,123,340,DN123-340,03/10/2017,03/10/2017,10/07/2017,17/05/2018,15/06/2018
A,Oncology,DN,512,661,DN512-661,12/01/2014,30/05/2014,02/02/2033,,21/02/2034
A,Neuroscience,JB,832,61,JB832-061,23/08/2010,20/11/2010,12/02/2011,15/03/2011,07/11/2011
A,Immunoscience,jN,347,950,jN347-950,13/06/2011,13/10/2011,11/03/2013,08/05/2013,26/01/2014
A,Virology,lo,672,209,lo672-209,11/12/2017,30/07/2018,13/11/2018,02/01/2021,07/05/2021
A,Oncology,DN,123,514,DN123-514,21/03/2017,20/05/2018,15/03/2018,17/06/2018,22/11/2020
A,Immunoscience,jN,163,532,jN163-532,04/10/2015,03/11/2015,25/02/2017,11/01/2019,11/05/2019
A,Immunoscience,jN,163,466,jN163-466,21/03/2017,04/05/2017,03/03/2019,13/05/2019,14/12/2019
A,Oncology,DN,400,841,DN400-841,15/02/2017,24/01/2017,21/01/2022,01/04/2022,16/08/2022
A,Immunoscience,jN,533,461,jN533-461,29/12/2016,16/02/2017,31/08/2017,14/07/2017,03/10/2017
A,Oncology,DN,53,951,DN053-951,25/03/2013,26/11/2015,28/03/2022,25/04/2022,26/02/2022
A,Immunoscience,jN,255,121,jN255-121,19/02/2018,06/09/2018,18/11/2018,06/03/2019,15/12/2019
A,Immunoscience,jN,163,786,jN163-786,06/04/2019,15/02/2021,25/09/2027,19/07/2027,21/05/2028
A,Metabolics,Tb,397,514,Tb397-514,11/05/2015,02/08/2016,14/05/2018,03/07/2018,31/07/2018
A,Immunoscience,jN,255,695,jN255-695,19/04/2018,16/04/2019,10/03/2020,03/05/2020,21/12/2021
A,Oncology,DN,296,292,DN296-292,17/01/2008,04/09/2008,31/10/2008,09/02/2009,30/03/2009
A,Oncology,DN,53,859,DN053-859,21/08/2017,19/01/2018,01/03/2026,24/04/2026,13/08/2026
A,Immunoscience,jN,526,661,jN526-661,15/05/2014,17/09/2014,17/08/2015,19/12/2015,21/05/2016
A,Oncology,DN,53,470,DN053-470,04/08/2015,11/12/2016,16/11/2020,25/12/2020,09/07/2021
A,Oncology,DN,53,632,DN053-632,10/06/2019,23/08/2020,12/02/2021,,27/02/2022
A,Metabolics,Tb,397,953,Tb397-953,22/04/2007,28/08/2007,22/08/2007,07/01/2008,29/06/2008
A,Immunoscience,jN,629,841,jN629-841,20/06/2018,29/08/2018,09/10/2019,14/04/2020,08/06/2020
A,Oncology,DN,53,477,DN053-477,14/10/2016,12/06/2017,03/04/2022,,19/04/2023
A,Metabolics,Tb,240,661,Tb240-661,23/10/2009,25/01/2009,29/04/2010,30/06/2010,25/11/2011
A,Oncology,DN,760,661,DN760-661,04/07/2012,24/12/2012,17/01/2020,06/10/2020,13/12/2020
A,Oncology,DN,53,953,DN053-953,17/08/2019,12/12/2019,12/12/2026,08/01/2027,25/10/2027
A,Oncology,DN,296,179,DN296-179,10/05/2006,04/01/2007,05/11/2010,11/02/2010,07/06/2011
A,Virology,lo,672,340,lo672-340,18/04/2011,06/06/2011,28/07/2011,17/10/2011,01/05/2012
A,Oncology,DN,400,428,DN400-428,25/05/2013,08/03/2014,20/04/2014,11/06/2014,14/12/2014
A,Oncology,DN,53,301,DN053-301,05/10/2012,10/12/2012,08/07/2020,22/02/2021,02/05/2021
A,Oncology,DN,53,576,DN053-576,24/12/2016,23/03/2018,26/04/2020,20/07/2020,06/10/2020
A,Oncology,DN,53,705,DN053-705,28/04/2014,01/01/2015,14/02/2021,02/03/2022,14/06/2022
A,Immunoscience,jN,255,827,jN255-827,26/08/2019,28/12/2019,25/11/2019,31/01/2020,10/01/2021
A,Oncology,DN,753,775,DN753-775,09/09/2011,04/05/2012,23/06/2021,15/01/2022,08/03/2022
A,Virology,lo,672,528,lo672-528,07/10/2008,30/10/2008,21/01/2009,09/06/2009,06/12/2009
A,Cardiovascular,gt,279,661,gt279-661,25/10/2015,10/12/2015,21/08/2017,10/12/2017,30/01/2019
A,Oncology,DN,53,66,DN053-066,26/05/2015,01/11/2015,10/05/2022,27/10/2022,24/04/2023
A,Oncology,DN,277,661,DN277-661,07/02/2015,12/09/2015,23/12/2016,17/09/2017,20/01/2018
A,Cardiovascular,gt,62,937,gt062-937,23/11/2012,27/04/2015,06/07/2018,03/11/2018,20/03/2019
A,Oncology,DN,53,621,DN053-621,29/08/2017,10/01/2018,21/12/2021,13/06/2022,07/06/2022
A,Cardiovascular,gt,62,253,gt062-253,20/12/2014,10/11/2015,20/12/2021,26/01/2022,23/05/2022
A,Cardiovascular,gt,62,915,gt062-915,20/11/2019,29/12/2019,20/10/2021,12/05/2022,27/02/2024
A,Oncology,DN,296,301,DN296-301,25/02/2011,19/05/2011,18/06/2011,19/04/2011,11/02/2012
A,Oncology,DN,760,166,DN760-166,07/03/2017,26/07/2017,04/07/2020,03/01/2021,25/05/2021
A,Oncology,DN,53,450,DN053-450,26/08/2011,04/01/2012,17/04/2021,07/06/2021,23/11/2021
A,Immunoscience,jN,255,854,jN255-854,31/12/2018,12/12/2019,20/02/2022,11/04/2022,19/04/2022
A,Oncology,DN,400,953,DN400-953,01/05/2013,05/08/2013,19/09/2013,16/06/2014,08/08/2014
A,Oncology,DN,299,661,DN299-661,30/07/2014,25/02/2014,04/09/2017,21/01/2018,15/05/2018
A,Oncology,DN,425,179,DN425-179,15/04/2018,14/04/2019,26/03/2023,12/11/2023,09/12/2025
A,Virology,lo,672,61,lo672-061,29/01/2008,02/03/2008,09/08/2008,30/07/2009,28/06/2010
A,Cardiovascular,gt,279,839,gt279-839,28/05/2016,07/08/2016,22/09/2016,18/04/2016,22/11/2017
A,Oncology,DN,53,953,DN053-953,09/12/2012,06/11/2012,11/10/2014,02/04/2021,07/12/2022
A,Oncology,DN,53,750,DN053-750,24/12/2016,27/12/2017,18/03/2021,14/05/2021,01/02/2023
A,Oncology,DN,53,461,DN053-461,12/01/2012,14/01/2013,05/02/2021,15/03/2021,05/07/2021
A,Oncology,DN,753,666,DN753-666,24/06/2011,18/08/2011,10/05/2011,08/12/2011,06/07/2012
A,Virology,lo,846,479,lo846-479,15/03/2006,29/04/2006,24/12/2006,22/12/2007,29/10/2007
A,Virology,lo,672,661,lo672-661,20/08/2007,23/05/2007,10/06/2008,24/05/2008,16/06/2009
A,Virology,lo,672,841,lo672-841,15/09/2007,22/12/2007,30/12/2008,27/07/2008,18/08/2009
A,Oncology,DN,53,536,DN053-536,12/10/2018,21/11/2018,20/05/2025,22/06/2025,02/11/2025
A,Oncology,DN,296,992,DN296-992,29/11/2009,08/06/2010,05/09/2014,01/02/2014,03/11/2014
A,Immunoscience,jN,321,479,jN321-479,18/10/2013,08/02/2014,13/02/2015,21/11/2015,04/12/2015
A,Immunoscience,jN,321,61,jN321-061,16/05/2012,02/04/2013,09/02/2016,01/05/2016,06/09/2016
A,Immunoscience,jN,321,950,jN321-950,11/12/2014,30/05/2014,08/07/2014,07/02/2015,18/08/2015
A,Immunoscience,jN,342,128,jN342-128,24/05/2020,06/11/2020,31/07/2021,30/05/2021,25/04/2022
A,Virology,lo,672,260,lo672-260,20/04/2010,16/06/2010,08/08/2010,15/02/2010,26/12/2011
A,Oncology,DN,813,951,DN813-951,,,,,09/07/2021
A,Immunoscience,jN,255,366,jN255-366,04/07/2018,27/10/2019,24/04/2021,29/05/2021,05/02/2022
A,Oncology,DN,163,862,DN163-862,26/02/2008,06/07/2008,28/12/2018,03/03/2019,25/07/2019
A,Immunoscience,jN,255,33,jN255-033,18/01/2017,16/02/2017,27/04/2017,02/07/2017,17/12/2017
A,Metabolics,Tb,995,661,Tb995-661,18/03/2009,17/07/2009,07/11/2009,01/12/2009,02/11/2010
A,Cardiovascular,gt,62,166,gt062-166,12/08/2006,06/01/2007,19/06/2011,17/11/2011,26/02/2011
A,Oncology,DN,171,335,DN171-335,03/06/2019,27/07/2019,05/04/2024,13/09/2024,23/03/2025
A,Oncology,DN,163,23,DN163-023,20/08/2007,15/12/2008,01/10/2013,16/01/2014,18/01/2015
A,Metabolics,Tb,397,854,Tb397-854,15/12/2009,08/12/2009,20/02/2010,02/04/2010,10/11/2010
A,Cardiovascular,gt,62,718,gt062-718,26/01/2009,23/08/2009,15/01/2011,15/03/2011,26/08/2011
A,Oncology,DN,53,981,DN053-981,26/03/2016,23/11/2016,09/12/2019,28/09/2021,16/01/2022
A,Oncology,DN,709,661,DN709-661,30/07/2007,26/02/2007,22/06/2008,08/02/2009,06/09/2009
A,Oncology,DN,123,3,DN123-003,02/11/2017,17/06/2018,16/09/2025,16/11/2025,09/01/2026
A,Neuroscience,JB,832,661,JB832-661,01/06/2008,17/08/2008,03/09/2009,18/09/2010,12/07/2010
A,Cardiovascular,gt,587,268,gt587-268,01/03/2020,18/11/2020,06/06/2021,23/01/2022,01/08/2023
A,Oncology,DN,53,867,DN053-867,19/07/2014,30/10/2014,24/11/2020,05/04/2021,26/02/2023
A,Virology,lo,672,692,lo672-692,25/07/2010,27/07/2010,12/12/2010,08/03/2011,05/08/2011
A,Virology,lo,672,801,lo672-801,22/08/2010,03/08/2010,19/12/2010,05/03/2011,28/07/2011
A,Immunoscience,jN,347,661,jN347-661,01/07/2009,21/10/2009,16/07/2010,10/09/2010,18/01/2012
A,Immunoscience,jN,255,389,jN255-389,02/05/2018,13/07/2018,26/09/2018,19/12/2018,12/09/2019
A,Immunoscience,jN,255,919,jN255-919,08/05/2019,04/02/2020,28/02/2024,10/09/2024,15/08/2024
A,Metabolics,Tb,397,936,Tb397-936,02/03/2008,27/02/2008,13/09/2009,24/03/2009,06/09/2010
A,Oncology,DN,479,841,DN479-841,03/09/2016,17/12/2016,25/07/2025,23/09/2025,19/04/2026
A,Metabolics,Tb,397,990,Tb397-990,21/05/2009,10/08/2009,22/09/2009,26/09/2009,08/09/2010
A,Metabolics,Tb,397,3,Tb397-003,29/03/2010,08/05/2010,27/06/2010,11/07/2010,05/09/2010
A,Oncology,DN,53,94,DN053-094,14/02/2012,23/02/2012,09/02/2021,23/03/2021,15/01/2022
A,Neuroscience,JB,800,528,JB800-528,20/04/2009,11/02/2010,01/09/2010,16/09/2010,01/09/2011
A,Cardiovascular,gt,62,457,gt062-457,18/12/2009,21/03/2010,09/04/2010,13/05/2010,23/08/2011
A,Immunoscience,jN,277,528,jN277-528,09/05/2018,22/06/2018,07/03/2019,21/12/2019,29/01/2020
A,Oncology,DN,53,256,DN053-256,07/10/2016,19/04/2017,18/01/2022,12/03/2022,24/05/2022
A,Immunoscience,jN,255,137,jN255-137,14/01/2020,05/12/2020,04/07/2023,27/06/2023,23/12/2023
A,Cardiovascular,gt,279,936,gt279-936,16/09/2019,21/10/2019,02/12/2019,07/01/2020,21/08/2020
A,Cardiovascular,gt,290,373,gt290-373,20/06/2017,12/12/2017,03/11/2019,13/08/2019,01/06/2020
A,Oncology,DN,296,450,DN296-450,29/12/2008,27/04/2009,24/04/2009,11/11/2009,10/01/2010
A,Cardiovascular,gt,977,661,gt977-661,02/04/2011,04/06/2011,11/03/2011,27/03/2012,07/04/2012
A,Cardiovascular,gt,619,661,gt619-661,18/07/2009,19/04/2010,18/12/2010,03/03/2011,19/01/2012
A,Immunoscience,jN,255,992,jN255-992,28/05/2018,07/08/2018,16/12/2020,07/02/2021,30/07/2021
A,Immunoscience,Tb,192,204,Tb192-204,07/07/2018,04/07/2018,04/01/2020,07/04/2022,10/07/2022
A,Virology,lo,960,910,lo960-910,29/01/2015,22/12/2015,10/11/2017,09/01/2018,13/05/2018
A,Cardiovascular,gt,221,950,gt221-950,27/03/2009,11/08/2009,18/11/2009,14/03/2010,02/10/2010
A,Oncology,DN,53,38,DN053-038,10/12/2016,25/07/2018,08/02/2019,18/09/2020,06/05/2020
A,Metabolics,Tb,323,528,Tb323-528,13/08/2010,27/11/2010,27/05/2011,11/10/2011,27/09/2011
A,Virology,lo,258,841,lo258-841,25/07/2009,30/06/2009,11/10/2010,22/01/2011,05/10/2011
A,Virology,lo,258,61,lo258-061,30/01/2010,06/04/2010,15/09/2010,28/12/2010,02/10/2011
A,Oncology,DN,53,86,DN053-086,12/01/2019,15/06/2020,04/02/2027,18/01/2028,28/08/2028
A,Cardiovascular,gt,62,94,gt062-094,20/02/2008,30/05/2008,27/09/2012,07/11/2012,26/05/2014
A,Oncology,DN,53,359,DN053-359,26/02/2017,27/07/2017,03/02/2024,20/09/2024,13/01/2026
A,Metabolics,Tb,465,839,Tb465-839,08/07/2008,28/02/2009,14/01/2010,18/06/2010,03/11/2010
A,Oncology,DN,53,685,DN053-685,26/02/2017,08/07/2017,20/08/2023,16/09/2023,09/02/2024
A,Metabolics,Tb,397,718,Tb397-718,09/08/2010,29/05/2010,26/09/2011,25/12/2011,11/06/2012
A,Neuroscience,JB,803,661,JB803-661,17/10/2010,05/04/2010,03/06/2011,01/12/2011,23/10/2012
A,Virology,lo,672,992,lo672-992,23/08/2012,25/01/2014,28/12/2016,15/12/2017,06/05/2017
A,Cardiovascular,gt,619,90,gt619-090,01/06/2017,29/08/2017,02/11/2021,21/09/2021,06/05/2022
A,Oncology,DN,53,639,DN053-639,04/04/2016,03/06/2016,03/03/2022,20/08/2022,05/03/2022
A,Neuroscience,JB,832,841,JB832-841,07/03/2009,18/04/2009,11/02/2010,06/03/2011,06/10/2011
A,Metabolics,Tb,397,827,Tb397-827,11/07/2011,03/01/2012,08/10/2012,11/10/2012,07/01/2013
A,Neuroscience,JB,832,953,JB832-953,19/07/2012,30/06/2012,07/06/2012,23/02/2013,20/08/2013
A,Metabolics,Tb,526,841,Tb526-841,05/01/2010,11/07/2010,06/12/2018,07/07/2018,23/10/2018
A,Oncology,DN,296,528,DN296-528,24/08/2007,20/04/2008,16/05/2010,04/10/2011,21/04/2012
A,Oncology,DN,53,238,DN053-238,20/03/2013,24/11/2013,29/08/2021,27/10/2021,01/11/2021
A,Oncology,DN,53,876,DN053-876,11/03/2018,20/05/2019,31/05/2026,27/04/2026,17/08/2026
A,Virology,lo,672,468,lo672-468,22/09/2008,16/11/2008,09/02/2008,03/06/2009,18/12/2009
A,Immunoscience,jN,255,262,jN255-262,05/12/2019,11/01/2020,27/11/2020,11/05/2020,19/12/2020
A,Oncology,DN,53,475,DN053-475,11/05/2013,08/09/2013,17/01/2021,16/03/2021,27/12/2021
A,Oncology,DN,53,690,DN053-690,24/01/2017,22/11/2017,27/06/2021,21/08/2021,28/11/2021
A,Oncology,DN,53,970,DN053-970,28/12/2015,28/02/2016,25/05/2022,17/11/2022,07/02/2023
A,Neuroscience,JB,832,950,JB832-950,31/10/2010,12/01/2011,02/06/2011,16/10/2011,10/12/2011
A,Oncology,DN,53,245,DN053-245,02/09/2018,13/07/2019,28/07/2024,16/10/2024,07/01/2025
A,Oncology,DN,53,914,DN053-914,28/09/2016,11/04/2017,28/04/2024,18/09/2024,20/12/2024
A,Metabolics,Tb,397,733,Tb397-733,15/10/2007,03/10/2007,25/08/2010,14/11/2010,11/06/2011
A,Metabolics,Tb,803,839,Tb803-839,05/01/2011,26/02/2011,31/12/2011,20/11/2011,18/11/2011
A,Virology,lo,666,61,lo666-061,26/06/2008,30/07/2008,26/09/2009,12/01/2010,04/12/2010
A,Metabolics,Tb,397,659,Tb397-659,05/10/2012,24/04/2014,21/02/2016,11/05/2016,24/08/2016
A,Oncology,DN,574,950,DN574-950,15/05/2020,22/02/2020,18/03/2025,24/12/2025,17/04/2026
A,Metabolics,Tb,397,881,Tb397-881,21/01/2012,18/09/2012,16/02/2012,03/04/2013,01/12/2013
A,Metabolics,Tb,397,979,Tb397-979,18/10/2014,26/11/2014,30/09/2017,25/04/2017,25/06/2018
A,Oncology,DN,753,111,DN753-111,10/08/2013,06/02/2014,15/11/2021,28/12/2021,14/03/2022
A,Immunoscience,jN,419,61,jN419-061,09/01/2017,17/02/2017,03/11/2017,10/10/2017,02/07/2018
A,Virology,lo,208,980,lo208-980,11/02/2011,08/08/2011,17/07/2014,09/10/2014,22/08/2015
A,Oncology,DN,53,477,DN053-477,07/06/2015,20/05/2015,29/09/2024,22/11/2024,17/02/2025
A,Cardiovascular,gt,62,318,gt062-318,27/05/2011,25/01/2011,25/09/2011,21/10/2011,23/07/2012
A,Oncology,DN,53,266,DN053-266,18/11/2016,06/04/2017,16/08/2025,10/10/2025,08/02/2026
A,Immunoscience,jN,347,468,jN347-468,18/03/2013,08/04/2013,02/11/2013,17/05/2013,28/12/2013
A,Immunoscience,jN,255,204,jN255-204,30/09/2018,29/11/2018,28/12/2018,20/01/2020,27/12/2019
A,Oncology,DN,753,466,DN753-466,23/08/2006,12/02/2007,19/11/2010,26/10/2010,11/06/2011
A,Cardiovascular,gt,179,862,gt179-862,15/03/2014,31/03/2014,03/07/2014,11/08/2014,19/04/2015
A,Virology,lo,666,661,lo666-661,12/04/2008,18/02/2008,17/08/2008,06/01/2009,19/09/2009
A,Oncology,DN,748,841,DN748-841,10/07/2015,30/10/2015,10/01/2020,04/07/2020,22/02/2021
A,Oncology,DN,53,840,DN053-840,15/06/2016,06/08/2016,27/04/2022,30/10/2022,17/12/2023
A,Cardiovascular,gt,62,238,gt062-238,31/03/2008,17/07/2008,28/10/2009,25/11/2009,30/05/2010
A,Oncology,DN,400,661,DN400-661,01/10/2010,29/10/2011,24/12/2015,04/04/2016,01/08/2016
A,Virology,Tb,796,508,Tb796-508,12/07/2020,,,,20/12/2022
A,Oncology,DN,574,132,DN574-132,13/03/2020,18/01/2020,13/03/2025,23/08/2025,10/12/2025
A,Metabolics,Tb,465,179,Tb465-179,08/01/2008,20/07/2008,31/03/2009,26/05/2009,23/11/2010
A,Oncology,DN,163,496,DN163-496,29/11/2011,03/11/2014,31/03/2018,22/09/2018,25/03/2019
A,Oncology,DN,53,577,DN053-577,27/07/2015,12/04/2016,18/02/2025,20/04/2025,24/11/2025
A,Oncology,DN,98,61,DN098-061,12/03/2016,11/10/2016,03/09/2018,28/09/2018,16/11/2018
A,Oncology,DN,163,841,DN163-841,14/01/2004,05/10/2004,03/08/2009,08/12/2009,07/06/2010
A,Metabolics,Tb,397,238,Tb397-238,26/11/2009,06/03/2010,11/11/2012,16/12/2013,06/07/2013
A,Oncology,DN,753,587,DN753-587,24/10/2014,24/08/2015,05/02/2022,10/04/2022,08/08/2022
A,Oncology,DN,387,661,DN387-661,25/01/2008,19/06/2008,06/02/2008,19/12/2008,17/04/2009
A,Immunoscience,Tb,192,475,Tb192-475,17/03/2018,24/12/2018,19/10/2019,07/01/2022,16/03/2022
A,Immunoscience,jN,741,33,jN741-033,15/10/2019,02/02/2020,03/05/2021,10/06/2021,03/03/2021
A,Immunoscience,jN,255,238,jN255-238,23/09/2018,01/11/2018,29/11/2019,05/05/2019,12/06/2020
A,Oncology,DN,944,661,DN944-661,04/07/2018,27/11/2018,13/01/2024,30/11/2023,16/06/2024
A,Cardiovascular,gt,967,661,gt967-661,31/05/2009,26/01/2009,08/03/2010,09/08/2010,03/03/2011
A,Oncology,DN,53,375,DN053-375,21/03/2017,10/03/2018,23/10/2022,23/12/2022,26/03/2023
A,Immunoscience,jN,840,33,jN840-033,07/03/2008,18/04/2008,25/10/2009,22/10/2009,11/07/2010
A,Neuroscience,JB,526,179,JB526-179,18/05/2015,03/01/2016,06/05/2020,26/10/2020,21/10/2021
A,Virology,lo,672,733,lo672-733,21/02/2009,17/04/2009,26/10/2009,27/02/2010,31/10/2010
A,Virology,lo,672,572,lo672-572,26/02/2014,05/04/2014,07/08/2014,06/10/2014,24/03/2015
A,Oncology,DN,171,237,DN171-237,18/03/2019,27/01/2019,14/09/2022,15/11/2022,30/07/2022
A,Oncology,DN,419,839,DN419-839,08/09/2016,23/02/2017,13/02/2023,28/04/2023,01/09/2023
A,Virology,lo,666,841,lo666-841,13/03/2008,08/06/2008,23/07/2009,08/01/2010,30/08/2010
A,Immunoscience,jN,533,138,jN533-138,15/05/2016,17/11/2016,21/08/2017,02/11/2017,08/05/2018
A,Virology,lo,846,656,lo846-656,31/01/2009,08/10/2009,29/08/2011,28/03/2012,03/08/2012
A,Virology,lo,672,950,lo672-950,01/04/2008,06/06/2008,30/07/2009,31/10/2009,08/07/2010
A,Oncology,DN,53,428,DN053-428,19/09/2011,26/09/2012,11/06/2021,16/08/2021,08/10/2021
A,Cardiovascular,gt,62,204,gt062-204,31/12/2008,30/03/2009,08/05/2011,06/05/2011,29/07/2011
A,Neuroscience,JB,800,389,JB800-389,02/03/2011,28/07/2011,17/07/2011,10/11/2011,14/08/2012
A,Virology,lo,45,508,lo045-508,25/01/2012,12/07/2012,15/01/2013,11/08/2013,24/09/2013
A,Oncology,DN,926,661,DN926-661,02/05/2020,06/06/2020,29/04/2021,02/05/2021,09/08/2021
A,Oncology,DN,623,661,DN623-661,25/07/2005,29/09/2005,19/10/2009,10/01/2010,10/11/2010
A,Metabolics,Tb,397,479,Tb397-479,20/01/2011,23/03/2011,06/01/2013,07/06/2012,29/01/2013
A,Metabolics,Tb,397,695,Tb397-695,16/03/2009,28/10/2009,30/10/2011,06/01/2012,10/06/2012
A,Oncology,DN,53,186,DN053-186,22/03/2014,06/03/2015,09/02/2021,08/10/2023,18/06/2023
A,Oncology,DN,53,216,DN053-216,09/06/2020,18/11/2020,25/11/2023,15/02/2024,19/07/2024
A,Oncology,DN,53,265,DN053-265,25/10/2016,26/04/2017,26/07/2024,26/09/2024,09/01/2025
A,Cardiovascular,gt,62,306,gt062-306,30/04/2010,15/03/2011,07/11/2013,29/03/2014,10/04/2014
A,Oncology,DN,53,380,DN053-380,01/08/2015,30/07/2015,03/02/2022,25/03/2022,18/07/2022
A,Virology,lo,45,950,lo045-950,30/07/2009,13/01/2010,15/04/2012,03/03/2013,03/03/2013
A,Oncology,DN,53,149,DN053-149,06/01/2018,21/12/2018,24/12/2022,18/02/2023,12/06/2023
A,Metabolics,gt,470,910,gt470-910,28/03/2006,13/07/2006,06/04/2008,04/02/2009,15/12/2009
A,Virology,lo,166,980,lo166-980,27/10/2009,25/07/2009,19/03/2014,20/08/2014,01/02/2015
A,Immunoscience,jN,342,247,jN342-247,11/05/2015,18/09/2016,03/03/2020,25/06/2020,07/09/2020
A,Immunoscience,jN,342,557,jN342-557,11/09/2011,23/10/2011,01/12/2012,18/04/2012,09/11/2012
A,Oncology,DN,123,61,DN123-061,20/02/2015,17/03/2016,02/02/2022,19/02/2022,24/12/2023
A,Oncology,DN,739,661,DN739-661,06/09/2019,23/06/2019,11/05/2024,10/07/2024,12/01/2025
A,Neuroscience,JB,800,33,JB800-033,14/12/2010,08/06/2010,16/08/2010,28/09/2010,07/09/2011
A,Oncology,DN,53,386,DN053-386,27/07/2019,11/11/2019,25/05/2022,18/10/2022,18/11/2022
A,Oncology,DN,638,950,DN638-950,08/05/2016,01/07/2016,18/11/2024,20/01/2025,30/04/2025
A,Neuroscience,JB,800,908,JB800-908,24/03/2011,28/11/2011,11/07/2011,05/09/2011,01/01/2013
A,Immunoscience,jN,982,841,jN982-841,03/05/2012,20/09/2012,01/06/2015,21/08/2015,06/03/2016
A,Oncology,DN,171,695,DN171-695,29/07/2018,18/11/2019,02/11/2024,20/12/2024,14/04/2025
A,Oncology,DN,53,138,DN053-138,11/09/2019,25/05/2019,26/10/2024,26/12/2024,16/03/2025
A,Oncology,DN,123,951,DN123-951,04/07/2018,03/07/2018,19/02/2025,12/04/2025,27/03/2025
A,Virology,lo,672,373,lo672-373,05/09/2009,09/11/2009,06/09/2010,18/07/2010,08/11/2010
A,Cardiovascular,gt,62,557,gt062-557,08/06/2014,17/04/2014,05/09/2014,24/05/2014,19/03/2015
A,Oncology,DN,617,428,DN617-428,29/09/2014,23/10/2015,03/05/2019,17/11/2019,20/05/2020
A,Oncology,DN,53,7,DN053-007,30/05/2019,27/09/2020,09/08/2026,10/12/2026,26/01/2028
A,Metabolics,Tb,803,61,Tb803-061,11/04/2010,20/07/2010,25/01/2011,21/04/2011,21/02/2012
A,Oncology,DN,649,61,DN649-061,02/07/2012,06/11/2012,29/03/2018,11/08/2018,18/12/2018
A,Oncology,DN,53,687,DN053-687,17/02/2014,20/06/2014,18/06/2021,10/08/2021,10/06/2022
A,Oncology,DN,53,986,DN053-986,28/12/2017,24/02/2018,12/10/2024,05/12/2024,19/03/2026
A,Immunoscience,jN,741,953,jN741-953,16/06/2019,10/03/2021,23/01/2024,15/06/2024,11/07/2024
A,Oncology,DN,123,411,DN123-411,07/09/2017,20/12/2017,09/03/2020,24/10/2020,19/02/2021
A,Oncology,DN,53,324,DN053-324,19/10/2013,10/11/2013,26/11/2022,24/09/2022,10/05/2023
A,Oncology,DN,53,307,DN053-307,01/11/2016,14/11/2018,28/11/2023,23/01/2024,25/05/2024
A,Oncology,DN,255,661,DN255-661,19/03/2015,07/07/2015,13/01/2024,25/01/2026,30/12/2023
A,Oncology,DN,53,344,DN053-344,31/07/2016,08/12/2016,18/11/2019,07/02/2020,17/09/2020
A,Immunoscience,jN,629,916,jN629-916,13/10/2019,04/08/2019,15/11/2019,06/01/2020,19/10/2020
A,Oncology,DN,53,306,DN053-306,28/03/2013,23/07/2016,08/04/2021,22/11/2021,20/10/2022
A,Oncology,DN,587,841,DN587-841,13/06/2017,19/08/2018,09/04/2025,12/06/2025,01/05/2025
A,Oncology,DN,53,325,DN053-325,24/05/2019,20/11/2019,06/05/2025,30/06/2025,16/06/2025
A,Immunoscience,jN,629,373,jN629-373,13/05/2019,01/06/2019,03/08/2019,30/10/2019,26/05/2020
A,Immunoscience,jN,629,801,jN629-801,28/04/2020,18/09/2020,01/11/2022,03/05/2022,06/03/2022
A,Oncology,DN,163,350,DN163-350,26/04/2012,29/11/2012,01/04/2019,27/09/2019,23/04/2020
A,Oncology,DN,774,661,DN774-661,29/01/2018,20/05/2018,09/08/2023,22/12/2023,06/02/2026
A,Virology,lo,166,373,lo166-373,03/08/2010,01/09/2010,22/01/2011,16/10/2011,09/01/2012
A,Cardiovascular,gt,90,841,gt090-841,08/12/2013,15/04/2014,26/09/2015,03/05/2015,13/04/2016
A,Immunoscience,jN,342,720,jN342-720,07/05/2013,17/09/2013,01/05/2023,22/06/2023,19/01/2024
A,Immunoscience,jN,255,980,jN255-980,19/01/2016,29/11/2016,11/12/2017,19/02/2018,03/08/2018
A,Immunoscience,jN,867,61,jN867-061,19/04/2015,10/06/2015,13/08/2015,14/02/2015,27/10/2016
A,Immunoscience,jN,867,292,jN867-292,15/01/2016,20/02/2016,19/09/2016,01/12/2016,19/11/2017
A,Immunoscience,jN,299,428,jN299-428,19/07/2017,30/08/2017,14/06/2017,31/03/2017,22/12/2018
A,Immunoscience,jN,867,916,jN867-916,26/06/2016,07/09/2016,11/10/2016,21/01/2017,28/07/2017
A,Cardiovascular,gt,619,839,gt619-839,16/02/2011,15/06/2011,05/07/2011,15/04/2011,21/05/2012
A,Metabolics,Tb,397,595,Tb397-595,28/12/2009,08/04/2010,13/01/2013,06/03/2012,05/07/2013
A,Immunoscience,jN,299,661,jN299-661,09/09/2016,16/09/2016,20/09/2017,06/11/2017,24/09/2018
A,Oncology,DN,53,744,DN053-744,21/03/2016,31/10/2016,20/11/2021,19/02/2021,23/06/2022
A,Immunoscience,jN,867,661,jN867-661,16/02/2014,07/10/2014,20/09/2015,27/11/2015,04/06/2016
A,Oncology,DN,123,767,DN123-767,08/06/2018,13/09/2018,04/10/2023,24/11/2023,21/03/2024
A,Metabolics,Tb,192,854,Tb192-854,18/07/2018,09/11/2018,19/07/2019,17/09/2019,25/07/2020
A,Oncology,DN,53,927,DN053-927,23/03/2017,09/09/2017,09/08/2024,31/10/2024,09/05/2025
A,Virology,lo,208,450,lo208-450,06/06/2011,19/08/2011,14/06/2011,06/12/2011,09/09/2012
A,Metabolics,Tb,995,841,Tb995-841,28/04/2009,24/10/2009,19/07/2011,06/09/2011,09/08/2012
A,Immunoscience,jN,255,841,jN255-841,02/08/2015,31/10/2015,18/12/2016,03/03/2017,13/09/2017
A,Oncology,DN,53,984,DN053-984,17/12/2018,13/07/2019,14/05/2025,18/04/2025,07/01/2026
A,Virology,lo,166,839,lo166-839,04/10/2008,24/05/2008,03/01/2010,26/10/2009,15/07/2011
A,Virology,lo,666,165,lo666-165,26/11/2013,18/09/2014,08/10/2014,30/07/2014,04/12/2014
A,Immunoscience,jN,342,538,jN342-538,15/12/2015,30/03/2015,15/04/2020,26/09/2020,22/03/2021
A,Oncology,DN,53,226,DN053-226,12/11/2016,12/11/2016,13/07/2021,02/09/2021,27/04/2022
A,Oncology,DN,741,179,DN741-179,27/10/2017,04/01/2018,13/01/2021,08/10/2021,11/03/2022
A,Immunoscience,jN,840,428,jN840-428,23/09/2010,07/11/2010,03/01/2011,05/02/2011,06/10/2011
A,Metabolics,Tb,323,61,Tb323-061,19/10/2009,27/12/2010,25/02/2011,11/05/2011,16/02/2012
A,Immunoscience,jN,867,324,jN867-324,20/04/2016,03/06/2016,26/11/2016,15/10/2017,02/12/2018
